,Appliances,lights,kitchen_tem,kitchen_humid,living_tem,living_humid,laundry_tem,laundry_humid,office_tem,office_humid,bathroom_tem,bathroom_humid,outside_N_tem,outside_N_humid,ironing_tem,ironing_humid,teenager_tem,teenager_humid,parent_tem,parent_humid,out_tem,Press_mm_hg,out_humid,Windspeed,Visibility,Tdewpoint,rv1,rv2,inside_avg_humid,inside_avg_tem,outside_avg_humid,outside_avg_tem
2016-01-11,136.66666666666666,30.0,20.808571428809525,46.90621031738095,20.153333333809524,44.79317460261905,20.140972222380952,45.99244047571429,19.49222222261905,47.26081349214286,17.97779761952381,59.01178571404762,5.891607142809524,86.33634920690477,17.604027777380953,43.02692460309524,18.722063492380954,49.363968253095244,16.918174602857142,45.10621031785714,5.9226190476190474,735.1738095238095,89.28571428571429,6.083333333333333,40.845238095238095,4.228571428571429,26.248800035714286,26.248800035714286,47.68269097199405,18.97714533747024,87.81103174630952,5.907113095214286
2016-01-12,85.69444444444444,4.236111111111111,20.092326388958334,45.14201388861111,19.30765452527778,43.77973348333333,19.993645833194442,44.93317129625,19.77277777770833,44.55684027791667,18.0119386575,50.56907754652778,5.3503877314583335,89.50532986097222,17.909869426041666,41.94417833388889,18.753032561111112,49.909097053819444,17.03284722215278,45.68012731479167,5.566319444444444,742.628125,87.5,5.784722222222222,37.229166666666664,3.5965277777777778,25.505071865395834,25.505071865395834,45.81427989939236,18.859261548993054,88.5026649304861,5.45835358795139
2016-01-13,97.01388888888889,5.416666666666667,19.197824073958333,42.86777199069444,18.568512561736114,42.119669101458335,19.609212962916665,43.72089120361111,19.009803240625,42.315173611388886,17.755966435208332,58.00634837951389,4.979861111131944,75.68483796298611,18.024485022708333,40.436874562916664,18.788722342430557,48.619545899097226,16.95357638888889,44.69147569479166,4.856944444444444,754.7906250000001,83.40625,5.614583333333333,31.55902777777778,2.1698145833333333,23.46472574392361,23.46472574392361,45.34721880543403,18.48851287855903,79.54554398149305,4.918402777788194
2016-01-14,151.38888888888889,5.0,20.372077546319446,42.43519097208333,19.743130786875,40.69917245368056,20.83758101875,43.39973958347222,18.694270833194444,43.231053240902774,17.610995370208332,58.11701388902778,3.492366898097222,86.1996643517361,17.946759259166665,40.12568865729167,18.769959490833333,47.299496527777784,16.884814814861112,45.42822916694445,3.4319444444444445,749.7673611111111,86.42013888888889,6.277777777777778,35.14930555555556,1.316625,25.264569306180555,25.264569306180555,45.091948061397574,18.857448640026043,86.3099016203125,3.4621556712708337
2016-01-15,125.34722222222223,5.972222222222222,22.280949074097222,39.09929398111112,21.528171971458335,38.19389745951389,20.959074073958334,41.409884259236115,19.615127314930554,41.961035879583335,19.026124614305555,52.49027401611111,2.6624189814583334,88.42369791652779,18.247611704444445,39.424901401805556,19.225236929444446,46.03740123895833,17.345694444375,44.53432870354167,2.6652756944444445,754.5798611111111,88.38541666666667,7.770833333333333,40.208333333333336,0.8496319444444445,26.289515432805555,26.289515432805555,42.89387711748264,19.778498765876734,88.40455729159721,2.663847337951389
2016-01-16,125.27777777777777,7.986111111111111,22.119062500208333,39.92567129611111,21.235582644375,39.0833641975,21.02217013902778,42.02742476847222,20.533663194652778,41.797853009166666,19.454545304027775,53.138711695069446,1.7223437500208334,95.61186921340278,19.34729552479167,40.13179633770833,20.334724426666668,46.78156470465277,17.896307870277777,44.38339120368055,2.1941666666666664,763.4527777777778,89.64930555555556,3.482638888888889,35.486111111111114,0.5398569444444444,24.912712944756944,24.912712944756944,43.40872215154514,20.242918950503473,92.63058738447916,1.95825520834375
2016-01-17,142.70833333333334,4.930555555555555,21.755983796319445,39.44885995375,20.616855167430558,38.1531855725,21.27542824034722,40.71773148138889,21.016770833333332,39.24072916652778,18.59602898402778,55.24306429236111,-0.6046527777638889,94.7139602625,20.108433161180557,36.828408036180555,21.320608186319443,44.49661084576389,17.910133101805556,41.41467013902778,0.39272916666666663,764.7444444444444,83.86805555555556,2.2083333333333335,33.920138888888886,-2.2183819444444444,24.43169539611111,24.43169539611111,41.9429074359375,20.325030183845485,89.29100790902777,-0.1059618055486111
2016-01-18,93.95833333333333,3.4027777777777777,20.086851851736114,40.861521990625,18.69581176354167,40.92766098479167,20.001400462986112,40.86184606486111,19.53973958361111,38.199195601805556,18.075194735833335,61.3237884625,-3.2305759479583336,89.63927854909723,19.157629464166668,35.551678600902775,20.27737513527778,44.17989975638889,17.28824074090278,39.009218750416665,-2.9378472222222225,758.8434027777778,82.22569444444444,2.357638888888889,30.069444444444443,-5.645138888888889,24.603727663534723,24.603727663534723,42.61435127653646,19.140280467256943,85.93248649677084,-3.084211585090278
2016-01-19,83.26388888888889,2.7083333333333335,19.264641203750003,39.716898148125004,17.98055555576389,39.99943865736111,19.3952488425,40.02728587986111,18.52193287034722,37.66605902798611,16.991715102569444,58.13016160006944,-4.249048170166667,86.08455026388889,17.930624005,32.61676741770833,19.65984868423611,42.43221963375,16.689560185208332,38.970358796180555,-2.9291645833333333,757.2506944444444,83.70486111111111,1.0,49.53819444444444,-5.480208333333334,23.631839306180556,23.631839306180556,41.19489864513021,18.304265806171873,84.8947056875,-3.5891063767499998
2016-01-20,114.44444444444444,5.833333333333333,18.54902199076389,38.24983217597222,17.512899305555557,38.211932870138895,18.618790509444445,38.70866319451389,17.352060185069448,37.24718749972222,16.898307718541666,54.532189663194444,-1.2819273588958333,92.75697833972222,16.58925662875,31.75739506701389,19.57055548576389,42.65652289215278,15.968339120555555,38.78912615743056,-1.6218770833333334,760.0645833333333,88.35416666666667,2.017361111111111,58.60069444444444,-3.325,24.43738855401389,24.43738855401389,40.01910619001737,17.632403868055558,90.55557250319445,-1.4519022211145833
2016-01-21,92.63888888888889,4.097222222222222,19.039484953680557,38.14932291659722,18.215937499930554,37.131643518541665,18.65646990729167,39.34710069430556,17.709722221874998,37.345995370486115,17.00139587416667,46.61390620895833,-0.3815046295972222,94.30287615736111,16.602476851944445,31.230922067708335,19.07685571013889,41.51838734583333,15.876846064652776,39.26259259270833,0.17501875,763.6781249999999,80.45833333333333,1.6180555555555556,52.166666666666664,-3.056597222222222,23.16301547967361,23.16301547967361,38.82498383939236,17.77239863546007,87.38060474534723,-0.1032429397986111
2016-01-22,45.69444444444444,0.6944444444444444,18.568101851944444,38.81891203694445,17.542384259236112,38.92604166659723,18.619942129583333,39.714021990625,16.225092592499998,38.88415509256944,16.372939814861112,47.17570216048611,1.4284432870208335,95.20325810194444,16.237164351875,33.655770392499996,18.116304012430554,43.61502314784722,15.785167824027777,40.77853587958334,1.5989791666666668,762.484375,86.04166666666667,4.517361111111111,41.704861111111114,-0.5840256944444444,26.491061842631943,26.491061842631943,40.1960202958941,17.183387104557294,90.62246238430556,1.51371122684375
2016-01-23,93.05555555555556,4.861111111111111,17.47410300902778,43.66695601868056,16.730960648125,43.57693287048611,17.58278935194444,42.102158564861114,15.356111111111112,44.12460648131945,15.480709592361112,49.79092352951389,6.411440972208333,99.89618055555556,15.625497685416669,39.08333333340278,17.362951389027778,47.725713937638886,15.09721643527778,43.473587962847226,5.860416666666667,768.5020833333333,97.06944444444444,3.8333333333333335,30.385416666666668,5.422916666666667,24.99268892782639,24.99268892782639,44.19302658734375,16.33879240278646,98.4828125,6.1359288194375
2016-01-24,150.27777777777777,9.930555555555555,19.809646990833333,43.626111111041666,19.144542824097222,42.726631944375,19.545028935138888,44.771898147777776,17.491047453819444,46.316510416597225,16.921030092569442,58.39623456784722,7.126348379631945,99.9,15.787084490694443,42.30199652784722,18.781381172916667,51.95828703736111,15.636400462916665,48.488061342569445,6.887847222222223,767.879861111111,94.71875,4.489583333333333,47.71875,6.090624999999999,24.85315358670139,24.85315358670139,47.323216386927086,17.889520302873265,97.309375,7.007097800927083
2016-01-25,65.76388888888889,2.4305555555555554,20.547314815,43.26191550916667,19.656556712916668,43.142557870347225,20.38335069451389,44.48737847215278,18.23093171298611,45.854357638958334,18.138070987569446,50.81091435194444,8.828449074166667,93.66799768506945,17.38851851861111,41.73978703673611,18.686361883055557,47.974614197430554,16.74613425909722,49.18843749979167,9.534027777777778,763.9288194444445,80.01736111111111,3.9097222222222223,44.80902777777778,5.946180555555555,22.403582111333336,22.403582111333336,45.807495322065975,18.722154947968747,86.84267939809028,9.181238425972222
2016-01-26,71.31944444444444,3.611111111111111,20.257476851805556,45.322945601597226,19.545694444375002,44.591811342916664,20.48998842590278,44.391365740625,19.45993055534722,45.87277777777778,17.62123842611111,53.57838734548611,9.671631944375001,93.010943286875,17.690922068055556,42.834772376875,18.248414351666668,49.06791666680556,17.11856481486111,48.360364583125005,9.552083333333334,761.9701388888889,85.55555555555556,6.1875,39.93402777777778,7.183333333333334,25.279543281145834,25.279543281145834,46.752542679401046,18.804028742265626,89.28324942121529,9.611857638854167
2016-01-27,45.625,0.625,19.88201388888889,45.718535879583335,19.174282407430557,45.26294560173611,19.929780092569445,44.72601851861111,18.878900463125,46.94773148125,17.571037808750003,56.21205853145833,10.208582175958334,91.19809606465279,17.92116512347222,45.63196373444444,17.730960648194444,50.27324845652778,17.11935185201389,48.87543402777778,10.220833333333333,756.6940972222222,85.61111111111111,9.347222222222221,41.489583333333336,7.846875000000001,23.000527629243056,23.000527629243056,47.95599202892361,18.525936535555555,88.40460358788194,10.214707754645834
2016-01-28,37.5,0.0,19.047974536944444,45.72752893513889,18.28821759263889,45.606122685069444,19.709768518333334,44.58289351868056,17.967824073958333,46.03638888888889,17.219502315208334,52.68916536708333,5.185873842583334,94.94577546305555,17.88263503090278,41.91493827125,17.91828317888889,48.14758101854167,16.945254629513887,46.99865740743056,5.8694444444444445,763.1881944444444,85.53472222222223,3.0659722222222223,33.59375,3.535048611111111,26.445084201847223,26.445084201847223,46.46290951151042,18.12243248454861,90.24024884263889,5.5276591435138895
2016-01-29,48.05555555555556,0.6944444444444444,18.646221065000002,43.99132523152778,17.911493055486112,44.200353009375,19.28748263888889,42.795017361111114,16.929259259166667,44.52916087979167,16.728171296527776,50.808846450555556,6.271157407423612,88.96635995368055,17.09438271625,40.036197693402784,17.522611882291667,46.940852623680556,16.324062499930555,44.28057291645834,6.651736111111111,763.3131944444444,82.43055555555556,8.319444444444445,40.0,3.842013888888889,25.990437640298612,25.990437640298612,44.697790770737846,17.555460551692708,85.69845775461805,6.4614467592673615
2016-01-30,130.48611111111111,2.986111111111111,20.20025462979167,45.10123842611111,19.646626157361112,43.65712962951389,20.35408564826389,45.228052662083336,17.94185763888889,45.544652777708336,17.592993827152778,58.04152391965278,6.6500405092430555,95.85675925923611,16.847989969583335,41.87500000013889,19.29063657423611,51.724965277291666,16.36661458340278,47.372627315069444,6.920138888888889,754.5211805555556,87.33680555555556,8.13888888888889,35.93402777777778,4.923284722222222,21.812393454402777,21.812393454402777,47.31814875094618,18.53013237858507,91.59678240739584,6.785089699065972
2016-01-31,129.44444444444446,11.666666666666666,21.460335648194445,43.20975694423611,20.69348379618056,42.21618055569444,21.181215277638888,44.69398148145834,19.190428240625,45.27469907395833,18.182283950625003,55.32869598736111,7.066817129652778,99.63789351833333,17.71711805590278,43.12491898180556,20.552457561875,51.96211033986111,16.826493055416666,48.56590277756945,7.1729166666666675,753.6013888888889,93.07986111111111,5.59375,36.00694444444444,6.114583333333333,25.860410025145836,25.860410025145836,46.79703076774305,19.475476948307293,96.35887731472222,7.119866898159722
2016-02-01,155.90277777777777,15.13888888888889,22.436099537013888,46.53653935159722,21.663038194513888,44.977447916875,22.815219907569443,46.173738425763894,19.70220486125,49.10760995347223,20.330744598472222,54.652256944027776,11.208315972222222,88.16545717590277,18.955401234791665,47.24339120354167,20.647789351944443,53.868854166666665,17.680758101875,50.883541666736114,10.960416666666667,759.1711805555556,85.93402777777777,8.309027777777779,39.798611111111114,8.622916666666667,23.69082100020139,23.69082100020139,49.18042245358507,20.528906973428818,87.04974247684028,11.084366319444445
2016-02-02,77.91666666666667,14.930555555555555,22.026574074027778,46.97422453673611,21.32787615763889,45.27782986118055,22.547929606041667,45.789873433055554,20.839704861111112,47.61524884270833,19.96514274701389,60.55818672826389,8.199143518305554,98.83630787027778,18.708692129722223,44.00209876520833,20.587920524791667,52.47596836416667,18.18548032409722,49.99364583368056,8.300694444444444,757.8475694444445,91.45138888888889,5.864583333333333,44.760416666666664,6.959722222222222,26.221118257993055,26.221118257993055,49.085884545625,20.523665053055552,95.14384837958333,8.249918981375
2016-02-03,132.91666666666666,8.194444444444445,21.82481481472222,43.99843171277777,21.060665509166668,42.36681712951389,22.107663680208333,44.87557112534722,21.336255787083335,43.018119213055556,19.28981481472222,60.07902391958333,4.676336805555556,86.10492476805555,18.633217592847224,37.60635802506945,21.28548043763889,46.81770833361111,18.334351851805554,46.23645833347222,4.886805555555556,760.5180555555556,82.38541666666667,4.597222222222222,37.208333333333336,2.024652777777778,24.87554529642361,24.87554529642361,45.624810974053815,20.484033061024306,84.2451707173611,4.781571180555556
2016-02-04,100.34722222222223,9.444444444444445,21.73519675916667,44.24648726819444,21.033796296180554,42.48905671256944,22.183232116875,43.78557756888889,20.48266782388889,43.767858796597224,18.929305555625,60.67039351854166,5.698344907409723,93.69042824069444,18.39136310076389,39.50537971104167,21.290405092569443,48.28222608020833,18.32457175923611,46.99313657395833,5.700694444444444,763.6690972222223,91.50347222222223,4.416666666666667,36.99652777777778,4.399305555555555,26.29647485679167,26.29647485679167,46.21751452875,20.296317313038195,92.59695023145834,5.699519675927083
2016-02-05,62.56944444444444,2.4305555555555554,21.95765624986111,45.523721064930555,21.34151041659722,44.08596643541667,22.07955632722222,44.77220100326389,20.213217592638888,47.39711805527778,18.75367283951389,60.647233796388896,9.409496527770834,94.9007986117361,18.487827932222224,43.28607330256945,20.648047839097224,52.31692129604167,18.54715277777778,49.05620370375,8.972222222222221,762.2836805555556,93.52777777777777,4.552083333333333,36.795138888888886,7.9586805555555555,24.507796061340276,24.507796061340276,48.385679832204865,20.25358024686632,94.21428819475695,9.190859374996528
2016-02-06,83.19444444444444,2.1527777777777777,21.630399305416667,45.33920138861111,20.994184027569446,43.72461226854167,21.956793981597222,44.61609953708333,19.61291666638889,46.266238425694446,19.137056327083332,61.229675925902775,9.622569444555555,77.66429398145834,18.655165895069445,41.454591049305556,20.953607253263886,51.440146604652774,18.87043981472222,48.27445023138889,9.753958333333333,750.7197916666667,77.67013888888889,7.277777777777778,39.541666666666664,5.918402777777778,25.907575600583336,25.907575600583336,47.79312692889757,20.22632040888889,77.66721643517361,9.688263888944444
2016-02-07,79.375,5.486111111111111,21.68282407423611,44.16507523152777,20.998506944444443,42.686539351736116,21.74247106472222,43.986357060277776,19.166574074166665,43.20048032381945,19.137407407569444,61.11388503069444,8.337494212875,70.57586226861112,18.946114969097223,38.10146219138889,21.728688271805556,48.74441357993056,19.122905092569443,46.16063657395833,8.26423611111111,744.5447916666667,73.97569444444444,8.152777777777779,37.489583333333336,3.746180555555556,23.353252680909723,23.353252680909723,46.019856167916664,20.31568648732639,72.27577835652778,8.300865161993055
2016-02-08,147.36111111111111,10.0,21.828101852013887,43.74818287027778,21.106440972430555,42.160185184930555,22.779861111180555,43.463506944375,21.059270833333333,43.034062499722225,19.401172839652777,60.58482407381944,7.816255787013889,77.37922453701388,19.06972222222222,37.17903163576389,21.967939360902776,48.274431508472226,18.964548611250002,44.21390046298612,7.980208333333334,740.6666666666666,76.64236111111111,10.631944444444445,36.572916666666664,4.027083333333334,23.716083029069445,23.716083029069445,45.3322656475434,20.772132225373262,77.0107928240625,7.89823206017361
2016-02-09,125.76388888888889,3.263888888888889,22.097337962916665,43.59570601847222,21.38267195763889,41.49065972243056,22.699340277569448,42.54628472229167,19.965034722291666,42.299866898055555,19.923649691458333,48.180983796527784,5.023206018541667,86.101041666875,19.230887345833334,38.32676311743055,22.294637345694444,47.50144675930555,19.003622685347224,44.47510416680555,4.990972222222222,737.6666666666666,89.22222222222223,6.246527777777778,37.770833333333336,3.273611111111111,24.7863985971875,24.7863985971875,43.55210190016493,20.82464774859375,87.66163194454862,5.007089120381945
2016-02-10,96.38888888888889,5.208333333333333,21.09649305548611,42.72794560194445,20.502164351875003,40.66689236125,21.5930324075,41.89857638888889,19.201273147847225,41.87114004631945,19.322106481597224,56.812635030555555,4.501880787041667,92.7990162036111,19.84328317916667,39.52918209888889,22.445177469166666,46.50611111097223,19.04576388902778,43.911967592708336,4.232638888888889,742.0909722222223,91.57291666666667,5.489583333333333,38.69097222222222,2.9468750000000004,24.232670391465277,24.232670391465277,44.24055627894097,20.381161747708333,92.1859664351389,4.367259837965277
2016-02-11,106.25,6.388888888888889,21.04940393513889,42.873883101875,20.414930555694443,41.0496527775,20.935133102083334,42.081487268402775,19.67513888888889,43.09702546263889,19.298757716041667,58.77564814791666,3.7053993055624996,92.01013888888889,19.99340663576389,39.60228395048611,22.62624228402778,46.89422453680556,18.73799768513889,43.122644675694445,3.5381944444444446,748.6722222222222,94.42361111111111,3.0416666666666665,47.423611111111114,2.6871527777777775,25.074041276569446,25.074041276569446,44.68710624016493,20.341376350347222,93.216875,3.6217968750034726
2016-02-12,117.84722222222223,3.9583333333333335,21.212696759097224,40.24155092569444,20.029230324305555,39.447494213055556,21.28575231472222,40.67756365743056,19.471932870416666,39.824195601875005,18.882060185069445,56.19091435152777,3.3442534722083335,88.36348379618056,19.874218364305555,35.737868826875,22.823737745069444,43.703812891180554,18.664942129930555,41.86233796291666,3.213888888888889,743.4996527777778,84.14583333333333,3.5659722222222223,39.10069444444444,0.6375229166666666,25.695713889361112,25.695713889361112,42.21071730381945,20.280571336614585,86.25465856475695,3.279071180548611
2016-02-13,96.11111111111111,2.9166666666666665,20.97007523125,39.58688657381944,19.260196759097223,40.244554397916666,21.098344907222224,39.82551851819445,19.251209490763888,39.55926504652778,18.666855709930555,56.69666820979167,3.1426967592499997,88.20833333354167,19.046172839513886,34.92993827145833,22.123067129722223,43.43435570965278,18.284675925833334,40.352673611388894,2.301039583333333,735.4697916666667,92.48958333333333,3.2916666666666665,38.87847222222222,1.1777798611111112,26.862596644763887,26.862596644763887,41.82873254234375,19.837574749166667,90.3489583334375,2.7218681712916664
2016-02-14,102.43055555555556,11.180555555555555,20.86092013909722,40.996684027430554,19.13976851840278,41.3958738425,20.935555555625,40.937482638958336,19.285868055625,40.101984953750005,18.17782638888889,56.272067900972225,3.254357638875,90.89013310180556,19.217942251666667,37.19653224479166,21.605543981180556,44.270679012847225,17.93684027777778,41.33621527763889,2.732291666666667,738.2805555555556,93.64583333333333,3.0104166666666665,41.170138888888886,1.7916458333333334,26.262662881243056,26.262662881243056,42.813439987361114,19.645033146032986,92.26798321756945,2.9933246527708333
2016-02-15,117.70833333333333,11.458333333333334,20.412447916805558,39.83478588,18.900850694375,39.58255787020833,20.690607638958333,39.277320601944446,19.23585648138889,38.17780092569444,18.09814621909722,53.93824942138889,2.8826099536944443,75.02222056819444,19.578277392013888,33.16816550923611,21.474303626875,40.136271219305556,17.952320602083333,41.49089699076389,2.7444444444444445,758.2850694444445,79.45833333333333,5.15625,40.25347222222222,-0.6638680555555555,24.168275219062497,24.168275219062497,40.70075605231771,19.54285132144965,77.24027695076389,2.8135271990694446
2016-02-16,93.19444444444444,5.833333333333333,20.989976851944444,36.95087384263889,18.996869213125002,37.702320601875,21.07189236111111,37.645688657777775,19.951221065277778,35.77990740736111,18.872430555347222,46.342083333194445,-0.8578060365694444,72.32754802493055,19.673987268333335,28.996388888541667,21.516828703819446,37.425329861111116,18.073078703680554,39.58593171284722,0.08749791666666666,770.5465277777778,80.26388888888889,1.6493055555555556,39.857638888888886,-3.23539375,25.5141596211875,25.5141596211875,37.5535655381684,19.89328559032986,76.29571845690973,-0.3851540599513889
2016-02-17,66.80555555555556,1.4583333333333333,20.683761574027777,34.85375578708333,18.832789351805555,35.416863425624996,20.247565806944447,36.769274884375,19.216898148194446,34.42019675895833,18.314775959027777,49.04674594902778,-1.1799956321666665,75.78085292625,19.136851851875,27.79980324083333,21.34776388888889,37.42525983819444,18.033078703680555,38.356738425833335,-0.4972243055555556,760.7975694444444,83.36805555555556,1.7847222222222223,42.13194444444444,-3.073611111111111,25.882263579229164,25.882263579229164,36.76107978874132,19.476685660555557,79.57445424090277,-0.838609968861111
2016-02-18,83.75,5.833333333333333,20.257071759305557,35.64823495402778,18.561961805416665,36.36271412013889,19.88356597236111,36.87454985097222,18.74603587965278,35.215393518750005,17.752125578819445,42.76748776451389,1.9415753417083335,71.66291746569443,17.911527777638888,29.160040509583332,20.4504844575,38.08142385930555,17.688016534236112,37.43259217930555,1.1669930555555554,755.7802083333333,84.19791666666667,3.3402777777777777,41.072916666666664,-1.2954840277777777,27.258825463375,27.258825463375,36.44280459457465,18.90634872061632,77.93041706618055,1.5542841986319444
2016-02-19,119.09722222222223,1.3888888888888888,20.342384259166668,37.12166666631944,18.688778935000002,37.421776620625,20.988002232291667,37.466979084097225,18.495416666805554,36.00102430569444,17.211682539791667,44.576682374375,3.0230555555416667,77.10618634263889,18.057436342499997,30.78236111097222,19.970666666666666,39.52017600875,17.648425099166666,39.680667327916666,3.1631944444444446,759.58125,85.36458333333333,3.513888888888889,32.25347222222222,0.7375645833333333,27.147020320659724,27.147020320659724,37.82141668734375,18.925349092673613,81.23538483798612,3.0931249999930555
2016-02-20,100.76388888888889,3.6805555555555554,20.88153935222222,40.56686342576389,19.556956018402776,40.81429398166667,21.381798611180557,39.61680009930555,18.48214699076389,42.567384259444445,17.60709102152778,51.48176984138889,8.427615740770833,89.53829282451389,17.831180555625,37.79563657402778,20.40262152763889,47.12850694451389,17.715775462777778,43.00163194444445,8.419444444444444,754.5739583333333,91.21180555555556,8.159722222222221,44.697916666666664,7.043749999999999,26.499738695972223,26.499738695972223,42.87161088381944,19.23238869251736,90.37504919003473,8.42353009260764
2016-02-21,88.61111111111111,12.36111111111111,21.40758101840278,44.91956018506945,20.33568287027778,44.77017361125,21.731860780555554,42.926560102500005,21.21798611138889,44.833541666875,18.45849082333333,59.18942791020834,11.005322834027778,88.12145601847222,18.220439814722223,43.326331018541666,21.441006944444446,52.11951967638889,18.26648148159722,46.62626157395833,10.854861111111111,755.6135416666667,89.77083333333333,9.04861111111111,42.135416666666664,9.207291666666666,24.414831279243053,24.414831279243053,47.33892196809896,20.13494123059028,88.94614467590277,10.930091972569445
2016-02-22,93.40277777777777,7.777777777777778,21.353518518541666,44.74650463,20.007968749930555,45.14754050965278,21.84681134263889,43.09407407395833,20.858333333194444,44.048281249652774,18.701596891458333,56.850777942916665,8.953418981395833,83.62536607118055,18.686886574027778,42.498206018333335,21.28464120388889,49.842644676111114,18.633106150902776,46.53871762,8.372222222222222,752.2767361111112,91.17361111111111,6.1875,42.517361111111114,6.9586805555555555,25.451066403416668,25.451066403416668,46.595843340078126,20.171607845572918,87.39948859114583,8.662820601809027
2016-02-23,88.68055555555556,7.152777777777778,21.115439814930554,42.746096064722224,19.482418981597224,43.32907407395833,21.336099537152776,41.47460648131945,21.24942129638889,40.22768518493055,18.93047073423611,54.814988095208335,4.159855324090278,87.10489583270834,19.097037037083332,38.86479166645833,20.877372684999997,45.11776041680556,18.470034226180555,42.730964781527774,4.321180555555555,756.3788194444445,89.11111111111111,2.4409722222222223,35.302083333333336,2.6041666666666665,26.21418474498611,26.21418474498611,43.66324584561632,20.06978678907118,88.10800347190973,4.240517939822917
2016-02-24,77.98611111111111,4.652777777777778,20.870798611111113,38.81130787041667,19.215023148125,39.411197916736114,20.852667824097225,39.22594328722222,20.21954861125,37.44708912048611,18.528039682499998,54.890837715,1.484622685173611,83.8814108795139,19.367925429722224,34.94472089951389,21.008929398472223,41.91501736145833,18.2129603175,40.57387202368056,2.0218729166666667,758.3166666666667,83.40972222222223,1.4166666666666667,38.541666666666664,-0.801754861111111,26.016075294069445,26.016075294069445,40.90249827431424,19.78448662784722,83.64556655086805,1.7532478009201389
2016-02-25,125.06944444444444,11.73611111111111,20.94908564826389,38.85500000013889,19.357540508958333,39.03971064798611,21.44395254604167,38.65776041659722,21.386087962708334,36.180480323750004,18.30247809201389,50.505290261111114,2.389589120361111,78.23733796291667,19.34838144854167,33.43459499006944,21.214010416736112,39.51996527756945,18.095980489513888,38.56973743395834,2.398611111111111,756.4909722222222,82.30555555555556,1.9409722222222223,41.822916666666664,-0.5347013888888889,26.772900796583333,26.772900796583333,39.345317418897565,20.012189639097222,80.27144675923611,2.394100115736111
2016-02-26,94.09722222222223,1.8055555555555556,20.653304397916667,38.15607060194444,19.056585648194446,38.44982638923611,20.99748842597222,37.370677083125,20.147916666597222,35.33513888888889,18.748810267847222,48.73862177583333,4.145891203729167,64.8969039351389,18.823352513055553,33.14527050277778,20.33714120388889,40.30160879638889,17.879710648333333,38.29327546298611,3.078145833333333,753.8756944444444,80.40972222222223,1.5590277777777777,35.760416666666664,-0.28541875,24.58202879346528,24.58202879346528,38.72381118764757,19.580538721475694,72.65331307868055,3.61201851853125
2016-02-27,83.26388888888889,2.0833333333333335,20.53481481486111,36.62349537041667,19.07504050923611,36.57681134291667,20.635729166388888,36.59537037048611,19.81400462979167,34.226284722013894,18.275166170625,53.16337450416667,2.809884259270833,50.18574074090278,19.50753736763889,31.873419725277774,21.146307870347222,39.98911458284722,17.898067129791666,39.04934027798611,3.060416666666667,751.1586805555556,67.58333333333333,4.927083333333333,29.57638888888889,-2.6802291666666664,24.928813938416667,24.928813938416667,38.51215136201389,19.61083345733507,58.88453703711806,2.93515046296875
2016-02-28,53.47222222222222,0.7638888888888888,20.532152777916664,34.45809606486111,18.91576388902778,34.688981481597224,20.310347222152778,35.61479166666666,19.292083333402775,33.14351851847223,17.73627976201389,53.38631051597222,2.4624884259444446,44.50061921298611,20.302768353333335,31.479947916597226,21.506626157430556,37.95628472194445,18.179016203611113,39.29233217576389,2.54375,757.1013888888889,64.73958333333333,6.392361111111111,30.729166666666668,-3.7041666666666666,25.60490384159028,25.60490384159028,37.50253288273437,19.596879712361112,54.620101273159726,2.503119212972222
2016-02-29,157.15277777777777,5.277777777777778,20.35823495375,34.448223379652774,18.577199074027778,34.83517361111112,20.92921296291667,35.559641203472225,19.361464120416667,32.855173611041664,17.601041666736112,52.89864583333333,1.9399710648263888,51.194270833194444,20.560468749791667,29.220063657361113,21.507980324097222,36.90040509263889,18.264814815,39.28104745361111,2.1531229166666663,762.3461805555556,71.71527777777777,4.621527777777778,35.25694444444444,-2.825,26.555885128965276,26.555885128965276,36.99979673027778,19.645052083342012,61.45477430548611,2.0465469907465277
2016-03-01,72.36111111111111,5.0,20.669716435277778,37.21855324083334,18.67692129611111,38.079375,20.67568865722222,36.19762731472222,19.79521412048611,35.570625,18.203182870486113,45.21507523125,2.5148321759513887,78.17746527763889,19.006018518472224,30.583443286944444,20.752158564583333,39.97185763861111,18.05761574076389,38.21692708333333,2.4524305555555554,757.5715277777778,93.74305555555556,5.597222222222222,43.93402777777778,1.514236111111111,24.45894118677778,24.45894118677778,37.631685474461804,19.479564525425346,85.96026041659722,2.4836313657534723
2016-03-02,92.77777777777777,4.166666666666667,20.89598958326389,39.415399305763884,19.692337962986112,38.90372106472223,20.698773148055555,38.624270833333334,20.153142360972222,37.41902777798611,18.514189814791667,47.26604745388889,6.25590277776389,68.07689236138889,18.719837963055554,32.866203703541665,20.823541666319446,42.683240740833334,18.221944444305556,40.72244791645833,5.936805555555555,745.5920138888889,80.29166666666667,7.663194444444445,37.267361111111114,2.611784722222222,24.72342614947222,24.72342614947222,39.73754484956598,19.714969617968748,74.18427951402778,6.096354166659722
2016-03-03,82.01388888888889,7.291666666666667,21.083628196805556,37.72846781291666,19.534231564236112,37.90432250326389,20.667942019583332,38.130716765833334,20.50621731701389,35.955981674305555,18.370517112847224,48.52845998666666,3.801240465173611,74.56283369166667,19.0234459325,31.43840167548611,21.19631903125,41.16354144625,18.41095378625,40.72737169284722,4.016666666666667,746.4906249999999,85.15277777777777,4.440972222222222,34.267361111111114,1.6083333333333334,22.659912526583334,22.659912526583334,38.94715794469618,19.849156870060764,79.85780573472222,3.908953565920139
2016-03-04,95.34722222222223,2.1527777777777777,21.077596229930556,37.64959482479166,19.322688822916668,38.16226827055556,21.189895833333335,37.91365567145833,19.34776399923611,35.98972883604167,18.312621665416668,49.324551697638896,4.221315393520833,76.4930533511111,18.746780340624998,32.00233622694444,20.900303984930556,41.030192598194446,18.43770171958333,39.35882374340278,4.074305555555556,740.9489583333333,86.10763888888889,3.7569444444444446,40.40625,1.841317361111111,26.242814468041665,26.242814468041665,38.92889398362847,19.66691907449653,81.30034612,4.147810474538194
2016-03-05,91.38888888888889,4.027777777777778,20.10187500013889,37.171521990972224,17.754334490833333,39.506961805416665,20.71122106479167,36.904149305625,18.476666666805556,36.41775462965278,18.503929398194444,50.45521412020833,3.636649305541667,69.62597222222222,18.427760416666665,31.085017361111113,21.287285879583337,40.25277199083334,18.27255787048611,38.551817129444444,2.7503472222222225,742.098611111111,87.32986111111111,1.6770833333333333,43.15972222222222,0.628125,24.956436822375,24.956436822375,38.793151041657985,19.1919538484375,78.47791666666666,3.1934982638819442
2016-03-06,89.72222222222223,4.236111111111111,19.60046296298611,38.558408565,17.826446759444444,39.87424189819445,20.063252314861113,37.927239583125,18.65213541673611,37.06850115763889,17.851284722083335,55.04839120375,2.6324594907222223,76.20894675951389,18.022581018611113,31.973749999930558,20.974236111041666,41.181672453819445,17.874918981388888,38.94006365715278,2.7618263888888888,746.4763888888889,93.47916666666667,4.614583333333333,36.90625,1.7774305555555554,23.603365896854164,23.603365896854164,40.07153356482639,18.858164785894097,84.84405671309028,2.6971429398055555
2016-03-07,142.63888888888889,3.888888888888889,20.23045138923611,38.71502314798611,18.2872800925,39.234027778055555,20.950219907083337,38.20650462986111,18.8178125,35.74776041680556,17.516672453680556,53.16234085652778,2.0278972011527774,76.78323495381944,17.98535879638889,31.56912615736111,20.46179398138889,40.20477430541667,17.62299768527778,37.93605324076389,1.6152756944444446,749.2232638888888,91.92361111111111,1.9583333333333333,36.010416666666664,0.37009722222222224,24.130198577916666,24.130198577916666,39.34695131659723,18.984073350694445,84.35342303246529,1.8215864477986112
2016-03-08,74.79166666666667,5.833333333333333,20.079866898194446,38.86221064798611,18.103344907361112,39.79984375,20.48203703715278,37.078344907430555,19.471660879722222,35.47580439826389,17.93740740729167,48.341753472430554,4.1275810184861115,78.70579282409723,18.39428240736111,32.48192129618056,20.096741898263886,40.07926504618055,17.570462963125,37.849641203611114,3.2521062499999998,756.0777777777778,83.17708333333333,2.5868055555555554,38.0,0.35622708333333336,23.660281332354167,23.660281332354167,38.74609809026042,19.01697554980903,80.94143807871528,3.689843634243056
2016-03-09,86.80555555555556,5.972222222222222,19.912777777777777,37.32230324076389,17.134965277708332,40.76526041680555,20.085109953819444,37.321238426041674,19.60580439826389,35.00434606486111,17.820850694305555,49.197540509374996,5.310978009270833,52.68284143493056,18.212563657500002,33.10664930569445,20.12099537034722,40.159056713125004,17.53315972236111,38.04275462965278,5.178819444444445,747.5635416666667,68.38541666666667,6.388888888888889,39.298611111111114,-0.24824305555555556,24.35721805642361,24.35721805642361,38.864893663289934,18.803278356510415,60.53412905079861,5.244898726857638
2016-03-10,92.91666666666667,6.25,20.592592592777777,37.63471064798611,18.719803240763888,38.71114004645833,20.425324074097222,37.32556134236111,20.992384259305556,35.07951388875,17.943749999930557,48.62347222215278,5.240162037048611,44.18685763902778,19.200891203680555,32.86839120368055,20.889872685,39.84596643548611,17.77097222215278,39.85308449055556,4.634377083333334,757.596875,73.74652777777777,1.3576388888888888,43.88194444444444,-0.007331249999999996,25.18571746890278,25.18571746890278,38.74273003467882,19.566948784713542,58.966692708402775,4.937269560190972
2016-03-11,71.04166666666667,3.125,20.711950231388887,35.463130786736116,18.418553240694443,37.65127893513889,20.286874999791664,35.91300347208333,20.236157407430554,33.67160879618055,17.993813657291668,49.10868055548611,4.125677083326389,50.820098379375,20.15175347201389,31.449143518680557,21.663651620625,38.613888888958336,18.346203703819445,39.84181712944444,4.353127083333334,764.6916666666667,77.45833333333333,2.267361111111111,46.63194444444444,0.41394930555555554,26.02786025511111,26.02786025511111,37.71406901033854,19.726119791631945,64.13921585635416,4.2394020833298605
2016-03-12,98.61111111111111,2.7083333333333335,20.525763888819444,36.199994213055554,18.49469907402778,37.41823495340278,20.03524305548611,35.875486111250005,20.00472800923611,34.40660879611111,18.49603587965278,44.98527199069444,4.414340277777778,50.16646990784722,20.470370370347222,29.106932870138888,22.90388310173611,39.45703125013889,18.72609953673611,39.719537037152776,4.529859027777778,767.036111111111,79.15972222222223,2.1666666666666665,40.12499999997917,0.8635395833333334,25.188701563993057,25.188701563993057,37.14613715274306,19.95710286450521,64.66309606503472,4.472099652777778
2016-03-13,67.91666666666667,2.2916666666666665,21.099878472291667,35.48704282423611,18.856834490833332,37.37218171277778,20.344293981458335,36.37072337972222,20.22813078715278,34.35793981506944,18.322685185069446,49.57694097215278,3.760682870361111,50.13814236125,21.390057870277776,30.77869212979167,23.44002314798611,36.286464120347226,19.162187499930557,38.977280092708334,3.911763888888889,768.8965277777778,77.10763888888889,4.100694444444445,35.6875,-0.05418958333333333,25.449948843145833,25.449948843145833,37.400908130850695,20.355511429375,63.622890625069445,3.836223379625
2016-03-14,164.02777777777777,4.513888888888889,21.272436342708332,35.63469328680556,18.894062500069445,37.56394097222223,21.630717592291667,36.30745370375,20.24347222201389,33.59582754645833,18.548478588055556,49.221651620208334,3.0551326759305555,47.20183555298611,21.606186342777775,28.819722222291666,22.415031289652777,35.503431533055554,19.459490740694445,38.48646412048611,3.107291666666667,767.9173611111112,76.07638888888889,4.166666666666667,42.604166666666664,-0.9447708333333333,25.449657691631945,25.449657691631945,36.89164812565972,20.508734452282983,61.639112220937506,3.081212171298611
2016-03-15,97.29166666666667,5.625,21.17030092583333,36.53813078708333,18.797575231458335,39.47794560201389,21.140069444583332,35.67427083347222,20.50629629625,33.7232175925,19.183732638888888,42.677627315,4.636747685125,45.172980324027776,20.963755786875,27.201140046041665,22.297812500000003,36.44986111118055,19.57288773159722,38.085353009236115,4.321736111111111,765.1760416666667,78.26041666666667,3.4583333333333335,51.392361111111114,0.6229166666666667,25.12519622901389,25.12519622901389,36.22844328706597,20.454053819435764,61.716698495347224,4.4792418981180555
2016-03-16,158.40277777777777,8.61111111111111,21.31530671298611,38.994809027916666,19.264432870694446,40.81552083305556,21.951973379861112,37.56438657409722,21.15235532375,34.66916666625,18.640574845625,45.76469714486112,5.5579108795694445,40.866111110625,20.383587962986113,27.657592592708333,22.556116898055556,37.69777777784722,19.630092592569444,38.100781250138894,5.24375,764.6934027777778,70.89583333333333,5.625,35.53125,-0.058333333333333334,26.261507692118055,26.261507692118055,37.65809148335937,20.611805073315974,55.880972221979164,5.400830439784722
2016-03-17,86.875,7.5,21.843391203611112,34.99147569458333,19.552934027430556,36.38509837979167,21.831157407430556,34.99465856486111,21.493773148263887,32.71414930527778,18.663198302361113,47.33633101847222,4.551776620388889,37.60141203673611,20.729999999930556,26.00767939854167,22.74980902763889,35.654542824375,19.807291666458337,37.66203703708334,4.5974305555555555,765.4746527777778,71.38541666666667,3.2152777777777777,43.83680555555556,-0.5326597222222222,25.138346345645832,25.138346345645832,35.71824652787326,20.833944347890625,54.49341435170139,4.574603587972223
2016-03-18,62.638888888888886,0.625,21.645445601944445,35.94325231451389,18.77469907395833,39.112673611180554,21.4315625,35.565682870486114,20.947228009375,33.49532986104167,18.648981481458335,53.67980324090278,4.673304398138889,60.696035879791665,20.020960648055553,29.050567129791666,22.19269675909722,38.39112268520833,19.681435185138888,37.20495370368056,3.826388888888889,763.0013888888889,89.58333333333333,2.7847222222222223,36.68402777775694,2.172220138888889,23.612316078520834,23.612316078520834,37.80542317710069,20.417876157378473,75.1396846065625,4.249846643513888
2016-03-19,113.68055555555556,1.25,21.499351851805557,36.704855324305555,19.015694444444446,39.14394097215278,21.982146990833332,35.96293402763889,20.341707176041666,34.586116898125,18.421122685069445,45.080062500000004,6.889809027777778,44.824496527569444,19.368472222222223,30.106336805416667,22.26884259256944,39.36412037034722,19.503530092430555,37.58314814805556,5.642361111111111,762.3125,79.84722222222223,3.0,40.34027777777778,2.326041666666667,24.549034929881945,24.549034929881945,37.31643938075521,20.300108506927085,62.335859374895826,6.266085069444444
2016-03-20,112.15277777777777,0.9027777777777778,21.824901620347223,36.82960069451389,19.46721064798611,38.71729166659722,22.31685763888889,36.317829860972225,20.122540509236114,35.33826388881945,19.125243055625003,48.323738425833334,6.791047453715278,43.908547453402775,19.127256944444444,30.613686342361113,22.837060185208333,39.033680555555556,19.449212963194444,38.213697916597226,5.882986111111111,761.5559027777778,79.62152777777777,3.1909722222222223,34.170138888888886,2.564583333333333,22.59575272457639,22.59575272457639,37.923473668906254,20.533785445616317,61.76503761559028,6.337016782413195
2016-03-21,77.77777777777777,5.972222222222222,21.63637731486111,37.19849537041667,19.35008101854167,39.701273147916666,21.951273148124997,36.344704861249994,20.381591435277777,36.658732638958334,19.387256944583335,45.17250578687501,7.8974768517291665,45.42900462944445,19.315179398194445,32.415115740625,22.29651620375,40.381886574374995,19.473431713125002,38.36358796298611,6.973958333333333,760.8354166666667,80.46180555555556,2.1909722222222223,42.56597222222222,3.6156249999999996,23.287784557208333,23.287784557208333,38.27953776042535,20.47396339705729,62.945405092499996,7.435717592531251
2016-03-22,71.11111111111111,2.4305555555555554,21.953871527847223,38.06552662048611,20.433668981458332,38.83432291673611,22.10756944451389,36.89259259270833,21.38426504631944,36.14265625006945,19.372118055486112,48.68764467604167,7.101631944423612,43.34385416652778,19.70094907416667,34.88653935173611,22.312656249722224,40.43537615805556,19.582627314861114,39.46980902784722,6.91201388888889,757.4276041666667,78.16493055555556,2.326388888888889,38.58159722220139,2.9895833333333335,26.990986683000003,26.990986683000003,39.17680844921007,20.855965711796873,60.754392361041674,7.00682291665625
2016-03-23,85.06944444444444,5.416666666666667,21.912285879513888,39.28357060194444,19.585868055555558,42.130642360972224,22.109004629652777,38.09843749986111,20.941018518472223,37.63318287020834,19.99026041652778,45.2234375,7.844519675979167,53.566620370486106,20.04757523138889,36.54380208347222,22.67073495375,41.758975694374996,19.653616898194443,39.551811342291664,7.007638888888889,756.1401041666667,86.78298611111111,3.048611111111111,42.69618055555556,4.865277777777778,25.504127935625,25.504127935625,40.02798249414062,20.863795572881944,70.17480324079861,7.426079282434028
2016-03-24,70.13888888888889,3.4027777777777777,21.517534722083333,39.643541666805554,19.364820602222224,41.88931134270834,22.077112268680555,38.197361111041666,20.870312499791666,37.351770833680554,19.563946759236114,49.891093750138886,8.287112268638888,44.94387152833333,20.293263888680556,36.382841435,22.312534722291666,42.65248842604167,19.396250000069443,39.49030671263889,7.156944444444444,756.4416666666667,80.57291666666667,2.7430555555555554,41.91319444444444,3.8562499999999997,26.552370013875002,26.552370013875002,40.687339409756945,20.674471932881943,62.758394097499995,7.722028356541666
2016-03-25,180.41666666666666,1.9444444444444444,21.9844386575,40.63086226854167,19.49713541638889,43.38218171298611,23.154016203680555,38.63725115736111,20.097291666736112,39.10967592590278,19.524797453680556,49.124679784236115,7.3119458224027785,63.25836640243056,20.599668560555557,36.88716252791667,22.331836901944442,42.919513889097225,19.548478009166665,41.54692129618056,7.071041666666667,755.7815972222222,86.89236111111111,4.006944444444445,41.44097222222222,4.836805555555555,25.597742169354166,25.597742169354166,41.52978107027778,20.842207858706598,75.07536375677084,7.191493744534721
2016-03-26,108.95833333333333,2.7777777777777777,22.045844907569446,40.26362268493055,19.69806134236111,43.07152199083333,23.234525463194444,38.143385416597226,20.283564814791667,40.894872685277775,20.010539071458332,53.44597445798611,9.163304576611111,52.286744749236114,20.861936728472223,37.50293338861111,22.876214739305553,43.06990023576389,19.863275463125,41.83403935208334,9.210208333333334,754.3170138888888,76.64930555555556,5.829861111111111,32.68055555555556,5.077430555555555,25.20392991559722,25.20392991559722,42.27828127651041,21.10924531628472,64.46802515239582,9.186756454972222
2016-03-27,73.05555555555556,0.5555555555555556,22.6124074075,38.761001157291666,20.606533564930558,40.85621445138889,23.028408564722223,38.564918981527775,20.295052083541666,40.139728009097226,20.202650463333335,50.703975694583335,9.567008101999999,50.42943287041666,21.266851851736114,37.02692129631944,23.557314814722222,42.883859953333335,20.175405092569445,41.83063657430555,8.970625,749.9284722222222,77.73611111111111,6.916666666666667,43.875,4.963541666666667,25.44337850367361,25.44337850367361,41.3459070147309,21.468077980381945,64.08277199076389,9.268816551
2016-03-28,127.29166666666667,1.5277777777777777,22.383894675972222,39.40373263875,20.38243634222222,40.83966435173611,23.071608796527777,38.53836805583333,20.714108796319447,39.29537037048611,20.03359374986111,46.69872106465278,9.402503829520832,43.632983582569445,21.497447916875,35.55917824090278,23.258272385347222,40.56625975159722,20.37780092597222,41.75944444451389,8.929861111111112,743.0913194444444,74.45138888888889,9.065972222222221,40.96527777777778,4.481249999999999,22.436593014868055,22.436593014868055,40.332592364809024,21.46489544863715,59.04218623572917,9.166182470315972
2016-03-29,91.45833333333333,5.138888888888889,22.234988425902777,39.24390046284722,20.097233796319443,41.236614583333335,22.906215277569444,38.185190972152775,20.776076388819448,38.93516782388889,20.184722222083334,51.15610532416667,9.096316751902778,40.255796447847224,21.138090277777778,32.91468171305556,23.831033863125,42.04087627041667,20.496712963055558,40.57193865729167,8.309375,749.7305555555555,74.61805555555556,6.559027777777778,39.03472222222222,3.8510416666666663,22.495481969493056,22.495481969493056,40.5355594758941,21.458134151831597,57.43692600170138,8.70284587595139
2016-03-30,87.70833333333333,4.305555555555555,21.836603008958335,40.28730324090278,20.235752314930558,41.392725694444444,22.66401041673611,38.49035300951389,21.15875,39.63003472243056,20.139513888819447,47.248090277708336,10.196186342486111,35.048744213055556,20.832060185347224,33.78046874965278,23.855665509166666,41.792251157569446,20.37553819451389,39.943281250000005,9.072708333333333,752.4329861111112,74.67708333333333,4.336805555555555,38.857638888888886,4.662847222222222,26.8584726223125,26.8584726223125,40.32056351277778,21.38723668980903,54.86291377319444,9.634447337909723
2016-03-31,79.16666666666667,1.9444444444444444,21.78063078701389,39.796990740763896,19.533321759166668,42.39927083319444,22.35219907423611,38.235844907569444,20.615891203680558,39.92213541666667,20.21418981472222,52.92424189840278,7.446626157402777,61.980746527499996,20.336116898125,34.27640624993055,23.831666666527777,42.52942129611111,20.129629629583334,40.203854166805556,6.925000000000001,754.5465277777778,89.04513888888889,2.736111111111111,40.86805555555556,5.176736111111111,25.770915186652775,25.770915186652775,41.28602068868056,21.099205729131945,75.51294270819444,7.18581307870139
2016-04-01,59.583333333333336,0.06944444444444445,21.835908564583335,38.750850694375,20.374074074027778,39.82797453729167,22.29108217597222,38.00560763888889,20.496574073888887,38.37476273138889,19.666336805416666,46.906550925972226,7.9595196758124995,51.71842013888889,20.50287615736111,33.26682870354167,22.963900462847224,41.86199652770833,20.264953703680554,40.644878472430555,7.144236111111111,759.6496527777778,79.60069444444444,2.03125,43.107638888888886,3.529166666666667,23.86334993390278,23.86334993390278,39.70493127894966,21.049463252222225,65.65955729166666,7.551877893461805
2016-04-02,50.69444444444444,0.0,21.11053240736111,39.701834490833335,19.331631944375,42.008790509097224,21.839398148194444,37.64546875006945,19.930613425902777,38.68081597215278,19.356724537083334,45.23571759256944,10.92222222236111,40.63918402763889,20.114299768541667,34.435341435208336,21.37074074076389,40.11115162027778,19.721417824027778,38.31771990763889,9.334375000000001,756.5350694444445,79.63888888888889,2.2534722222222223,33.732638888888886,5.893055555555556,24.947749118569444,24.947749118569444,39.5171050347309,20.34691984953125,60.139036458263895,10.128298611180556
2016-04-03,71.80555555555556,0.4861111111111111,21.618744212708336,43.31568865736111,21.175509259375,42.91225694465278,22.116111110972223,40.49009259263889,20.64181712965278,42.820416666875,19.464398148125,47.68939236111111,15.556932870208335,38.82440972243055,20.776192129444446,39.00260995361111,22.577204860833334,45.22276620388889,19.955439814722222,43.187997685,15.315972222222221,751.1697916666667,73.84375,4.173611111111111,38.22569444444444,10.379027777777777,27.349303521215276,27.349303521215276,43.08015263314236,21.040677083229166,56.33407986121527,15.436452546215277
2016-04-04,188.54166666666666,3.75,22.399803240763887,45.270179398263885,21.058379629513887,45.745376157222225,24.29263310159722,41.27423611111111,21.422372685,43.930468750069444,20.58890625013889,54.795648148194445,13.209913194326388,37.67064814795833,21.333090277847223,38.754820601875004,24.00747211694444,46.848626473124995,20.597083333125,45.522262731319444,12.446874999999999,748.996875,79.15277777777777,4.222222222222222,36.06597222222222,8.708680555555555,25.714780514111112,25.714780514111112,45.26770229639757,21.96246757936632,58.41171296286806,12.828394097163194
2016-04-05,154.86111111111111,3.5416666666666665,22.412847222222222,43.072615740833335,20.3546527775,45.37674189826389,24.448009259305554,39.2959375,21.326134259097223,42.00802083347222,20.95771412048611,54.396070601805555,11.517858465680554,36.403285644048616,21.781493055694444,38.03611076027778,23.696632926388887,42.87113848305555,20.865115740833332,43.483142360833334,10.739513888888888,750.667013888889,79.43055555555556,2.7847222222222223,36.43402777777778,7.147569444444445,22.868642920006945,22.868642920006945,43.56747227231771,21.98032492019097,57.91692059980208,11.128686177284722
2016-04-06,87.56944444444444,5.902777777777778,21.95535879638889,42.18972222236111,19.757337963194445,44.79680555555555,23.35128472215278,39.103431712847225,21.197899305625,40.71100694451389,20.684872685277778,50.78877314840278,9.233438271638889,40.68034201395833,21.118142112986114,35.23553993069444,22.454054894166667,39.84101504625,20.796400463125,41.97877893493055,8.602222222222222,752.9208333333333,81.52777777777777,6.159722222222222,32.25,5.484722222222222,24.732079980791667,24.732079980791667,41.830634186944444,21.414418867864583,61.104059895868055,8.917830246930556
2016-04-07,68.81944444444444,0.7638888888888888,21.585584490625,40.241973379583335,19.939363425763887,41.498755786875,22.637233796319446,38.58543981486111,21.081834490833334,38.447054398125005,20.34394675923611,53.775781249999994,8.192214998666666,31.36942138928472,21.353821443194445,34.98594246368056,21.895151760694446,37.883793242430556,20.706805555555558,41.04996527791667,7.4281250000000005,752.5458333333333,74.54513888888889,5.506944444444445,36.083333333333336,2.9177291666666667,23.5433761993125,23.5433761993125,40.80858820168403,21.192967715277778,52.957280139086805,7.810169999333334
2016-04-08,134.44444444444446,1.6666666666666667,21.494403935069446,42.05155092638889,19.738084490833334,43.62778356479166,22.71327546298611,39.25769097236111,20.766932870555554,38.77546296298611,20.13959292326389,53.68856456694445,9.329352182527778,34.12903637575,21.312844080902778,35.95630580368056,22.530378968194444,40.3673688825,20.57270254625,41.561325231666665,7.959166666666667,753.9045138888889,82.43402777777777,2.232638888888889,34.357638888888886,4.934722222222223,27.32045710825,27.32045710825,41.91075661391493,21.158526909756944,58.28153207676389,8.644259424597221
2016-04-09,105.20833333333333,1.3888888888888888,21.684363425902777,41.00024305541667,19.935630786805557,42.37594328701389,22.697013888819445,39.02835069451389,20.562627314930555,37.75526620375,20.13742691798611,46.40545414472222,9.698389963618055,31.411377728201387,21.67502033722222,35.198357859375,23.211019345277776,39.637211309375,20.34782407388889,39.48561342597222,8.964722222222223,750.370138888889,73.99652777777777,4.125,31.225694444444443,4.0569444444444445,23.979469912611112,23.979469912611112,40.11080499751736,21.281365761354166,52.70395275298958,9.331556092920138
2016-04-10,74.16666666666667,0.7638888888888888,22.186064814930557,39.742962963055554,20.940914351944443,40.504050925625,22.707071759375,38.844085648055554,21.212656250069443,38.096284722152774,20.589283730138888,51.81875644833334,9.554074073784722,35.40528356476389,22.217656250069446,35.60600115736111,22.74039434513889,38.64704737138889,20.672135416875,41.21317708361111,9.34736111111111,751.8982638888889,77.71527777777777,3.1180555555555554,33.166666666687505,5.216666666666667,25.53174158857639,25.53174158857639,40.559045789947916,21.658272114817706,56.56028067127083,9.450717592447917
2016-04-11,77.84722222222223,3.5416666666666665,22.333321759166665,40.87456597201389,21.416348379722223,40.64876736104166,23.07696759236111,39.15481481479166,21.889317129583333,39.39089120381945,20.786611028611112,48.52456374,13.647500000125,19.338657407229167,22.059820601736114,36.22162037041667,22.674710730902778,39.91551694770833,21.000162036944445,41.23099537013889,12.891319444444443,750.3763888888889,65.54166666666667,4.326388888888889,37.0,6.3410416666666665,23.421732282368055,23.421732282368055,40.74521697249132,21.904657407378473,42.44016203694792,13.269409722284722
2016-04-12,110.41666666666667,2.4305555555555554,22.344675925902777,43.03994212944444,21.456053240625,42.221550926111114,23.749293981527778,40.27495370375,22.697361111319445,39.11787615756944,21.10464236090278,47.94450620055555,11.147420138826389,31.05688657377778,21.71624807090278,35.25314853402778,22.726072668958334,42.42212252006945,21.140011574097223,41.933831018611116,10.653819444444444,751.5843749999999,74.36458333333333,2.763888888888889,38.458333333333336,5.919444444444444,26.588094370437503,26.588094370437503,41.52599139876736,22.11679486677951,52.71073495355555,10.900619791635416
2016-04-13,94.23611111111111,3.6805555555555554,22.098611111180556,42.19594907416667,19.900920139027775,44.69564236118056,23.72427083326389,39.391921296458335,22.237418981666664,39.47251736104167,20.837570739583335,48.48626984125,9.057633349402778,43.53342113111111,21.179724326805555,35.958964541319446,22.749281746180557,43.501413222013895,20.625989583541667,41.93758101854167,8.211111111111112,751.5621527777778,87.69791666666667,1.6076388888888888,35.576388888888886,6.198263888888889,27.322061612840276,27.322061612840276,41.955032339496526,21.66922343265625,65.61566889888888,8.634372230256945
2016-04-14,85.76388888888889,4.861111111111111,21.983304397916665,41.52962962972222,20.623958333333334,42.35450810145833,23.253153935416666,38.92791666666667,22.508530092569444,38.91835069451389,20.587993716875,48.590429398263886,10.9679054785,35.06662778340972,21.098893849305554,35.211567968958335,22.949309854444447,42.88824007958333,20.619722222222222,42.79955439826389,9.324652777777779,753.3392361111112,78.86111111111111,2.0347222222222223,31.635416666666668,5.295833333333333,22.81597986635417,22.81597986635417,41.40252461717882,21.703108300260414,56.96386944726041,10.14627912813889
2016-04-15,131.38888888888889,2.5,22.467910879652777,42.861296296319445,20.739241898055557,44.08182291645833,24.31080439861111,39.12798032381945,22.261799768611112,40.40075171888889,20.801822916527776,51.89010416673611,12.572297453465277,39.74122376531945,21.390302469027777,36.16661146965278,23.10117573326389,44.17875352763889,20.824085648402775,44.321649305625,11.675347222222221,747.5104166666666,79.42708333333333,5.527777777777778,37.454861111111114,7.923263888888889,23.386989044993058,23.386989044993058,42.87862121564236,21.987142964019096,59.58415354932639,12.12382233784375
2016-04-16,134.16666666666666,0.3472222222222222,22.362662036944446,43.69748842576389,20.60335648138889,44.64023726875,24.339016203472223,39.73332175951389,21.77700834986111,39.70052604166667,20.86220486111111,48.839427083541665,9.726417824062501,39.79151620335417,21.271132605833333,34.83521643527777,23.56518518513889,44.22896990715278,20.992361111041667,43.38720486111111,9.08763888888889,746.8246527777778,81.39236111111111,4.538194444444445,33.833333333333336,5.980208333333334,24.45613970304861,24.45613970304861,42.38279897284722,21.971615854348958,60.591938657232646,9.407028356475696
2016-04-17,105.90277777777777,5.347222222222222,22.160821759305556,40.750028935277776,19.91472800951389,42.11789930534722,23.146452546180555,37.92370370368056,21.723645502777778,37.21342476881944,20.77456597222222,49.49330439819445,5.4885763889722226,38.52370949046528,21.17618080361111,30.766596974166664,23.113576388680556,38.40777199076389,20.91758680555556,41.11932870409723,5.509375,755.0201388888888,83.00347222222223,2.857638888888889,41.833333333333336,2.6510208333333334,24.99644082438889,24.99644082438889,39.7240073475434,21.6159447234809,60.763590856343754,5.498975694486111
2016-04-18,71.80555555555556,4.930555555555555,21.668177083472223,38.06924189819445,20.26509259298611,38.34495949069444,22.427719907361112,36.32446180541667,22.387908234166666,35.29182142854167,20.335358796180557,46.257604166875,7.200896990881944,25.89093749988889,20.664428323472222,29.51360631638889,22.125833333263888,37.524872685,20.57425347208333,36.867158564583335,6.659722222222222,761.7517361111111,72.625,2.9340277777777777,40.083333333333336,1.477432638888889,25.151522042708333,25.151522042708333,37.27421579446181,21.306096467873264,49.257968749944446,6.930309606552083
2016-04-19,72.43055555555556,2.361111111111111,21.565839120347224,39.02763310201389,20.263634259097223,38.99028356493056,22.248506944375,36.88924189819445,21.889049603194444,36.16142013875,20.146631944166668,51.29969907395834,10.080960648277777,20.743339120756943,20.601610615,31.06240848215278,21.80653935201389,40.925370370416665,20.195978009166666,38.153061342916665,8.895625,765.2225694444445,73.86458333333333,2.5590277777777777,35.541666666666664,4.1,25.316089878680557,25.316089878680557,39.06363974666667,21.089723730920138,47.30396122704514,9.488292824138888
2016-04-20,80.625,2.8472222222222223,21.889305555694445,35.80916666680556,20.860781250069447,35.34168402791667,22.512199074166666,36.63752314819445,22.215340663402777,33.874035714166666,20.097633102083332,46.647685185,9.094600694652778,20.26094328748611,21.11664484111111,29.517141865069448,21.98994791666667,38.47345486138889,20.13603587951389,37.49066550916667,8.884166666666665,766.5871527777778,64.96180555555556,4.475694444444445,34.583333333333336,1.7037965277777778,25.422925750250002,25.422925750250002,36.72391962221354,21.352236035338542,42.61137442152083,8.989383680659722
2016-04-21,76.875,0.7638888888888888,22.301018518541667,36.34435185201389,21.441331018541668,35.768877314930556,22.91141203701389,36.152997685,22.571496031736114,34.02905233125,20.389670139166668,44.39415509222223,13.139809027861112,11.329438657472222,21.85082903451389,32.256268187708336,22.091997685208334,39.86008101854166,20.216249999791664,37.585283565069446,11.913888888888888,761.8552083333333,59.88194444444444,3.7083333333333335,35.25,3.779513888888889,23.330439816791667,23.330439816791667,37.048883380842014,21.721750558064237,35.60569155095833,12.526848958375
2016-04-22,170.625,2.361111111111111,22.644508101875,38.19568287055555,21.46104166659722,37.52533564833333,25.014756944513888,37.381006944513885,22.84532440486111,34.95937574423611,20.648721064652776,46.20354166652778,12.482702546256943,10.717170138826388,21.826389881111112,32.97354017861111,22.80179398152778,40.97473958291667,20.434930555416667,38.48651620361111,11.144097222222221,758.8354166666667,66.40625,4.350694444444445,34.75,4.9631944444444445,24.484152907756947,24.484152907756947,38.337467354913194,22.20968332506944,38.561710069413195,11.813399884239583
2016-04-23,105.0,0.625,22.500862268472222,37.80527777784722,20.655173611041665,38.10728587930556,24.321510416805555,35.47488425902778,22.295115575416666,34.17682589298611,20.90380208326389,48.79208333291667,7.687585978868055,25.391833333187503,21.55266658395833,29.748423197638893,23.520649305625,39.73008473881944,20.66377314798611,38.58823263881945,7.106597222222223,757.203125,70.64236111111111,4.90625,38.958333333333336,1.7583333333333333,25.56840508077083,25.56840508077083,37.802887214670136,22.05169412407118,48.01709722214931,7.397091600545139
2016-04-24,81.80555555555556,1.1805555555555556,21.77834490736111,35.88233796305556,19.134924768402776,38.41083333326389,22.86854166673611,34.49407407409722,21.622376488055558,33.26700372034722,20.60542824097222,46.50094328708334,4.245873842576389,41.420266203680555,21.71396056534722,31.555372519652778,23.57103587986111,38.45444444402778,20.436226851736112,36.80885416618056,4.091666666666667,758.0326388888889,82.9375,3.357638888888889,37.791666666666664,1.3006944444444446,26.001042872305554,26.001042872305554,36.92173293846354,21.466354921059025,62.178883101840285,4.168770254621528
2016-04-25,75.13888888888889,7.569444444444445,21.16568865722222,37.507800926111116,18.71463541673611,40.294641203541666,22.07440972208333,35.303148148055556,21.000265129097222,35.502534722152774,20.034890046180557,45.743726851458334,5.744733796270833,53.67975115763889,21.137271329305555,33.02719990097222,23.32810763861111,39.513321759444445,19.867847222430555,37.035370370555555,4.853472222222222,752.7413194444445,91.35069444444444,3.46875,32.416666666666664,3.5069444444444446,25.085026643208334,25.085026643208334,37.99096798528646,20.915389395208333,72.51522280104167,5.299103009246528
2016-04-26,74.02777777777777,0.625,21.17668402763889,37.42141782423611,19.4306886575,38.334288194375,21.81313657423611,35.58554976847223,20.668620701111113,34.551311755625,19.50657986125,47.61273726847222,4.304317129604167,47.448246527916666,20.231664351805556,30.201722470347224,22.270046296319446,39.62742361104167,19.51729745375,36.176325231527784,3.793055555555556,748.5795138888889,81.97222222222223,4.909722222222222,37.8125,0.8277777777777778,25.830303358986114,25.830303358986114,37.43884701551215,20.576839740451387,64.71023437506943,4.0486863425798605
2016-04-27,75.06944444444444,5.208333333333333,21.101724536944445,36.06039930597222,18.956903934930555,37.559126157430555,21.587569444305554,35.110225694305555,20.280631839444442,34.80631660340278,19.257945601805556,50.820972222222224,4.670503634611111,45.25845884388889,19.68132134097222,29.59239239048611,22.075067309999998,38.78476410430555,19.210769675902778,36.107453703333334,4.772916666666666,752.0645833333333,81.0,4.454861111111111,39.77430555555556,1.614236111111111,26.718288393180554,26.718288393180554,37.355206272682295,20.268991710538195,63.12922942194445,4.721710150638889
2016-04-28,95.90277777777777,1.7361111111111112,20.89177083326389,34.921909722083335,19.355665509305556,35.23518518527778,21.798182870277778,35.10035879625,20.430260416805556,33.937424768611116,18.93032986111111,47.06564814791667,5.418344907409722,31.978379629638887,19.401006944375,28.303773148263886,21.525731481527778,37.89044444451389,18.883530092708334,33.98345486097222,4.5313888888888885,755.9314814819444,76.76851851847222,2.811342592597222,37.80902777777778,0.31377777777777777,25.215361868993057,25.215361868993057,35.80477488423611,20.152059751171876,54.37344907405556,4.974866898149305
2016-04-29,111.52777777777777,0.5555555555555556,21.281932870277778,36.490260416527775,19.122372685416664,38.08543981486111,22.767945601944447,35.58783564819444,19.714023919444443,35.949878472291665,18.838194444583333,41.68007523145834,7.553432870354167,35.74780087083334,19.112980324166667,31.52610918215278,21.183952546180553,39.89667631180556,18.729259259236112,37.442065972222224,6.675833333333333,755.2577546291667,81.53703703708334,4.497685185180555,37.954861111111114,3.669232638888889,25.254802959347224,25.254802959347224,37.08229263118923,20.093832706406246,58.64241895395834,7.114633101843751
2016-04-30,140.41666666666666,0.6944444444444444,21.694560185,37.84519097243056,19.809710648125,39.15840856513889,23.516822916805555,36.928906249791666,19.80172453715278,38.09172453715278,19.46770833326389,49.33675925923611,8.902471064840277,27.518304398402776,19.364565972291665,32.45729456020834,21.972679398055554,41.28199652791667,19.27545138875,39.41407986125,7.4906250000000005,759.2517361111111,80.17708333333333,2.875,36.50347222222222,4.0413194444444445,25.507660891388888,25.507660891388888,39.314295066640625,20.612902922430557,53.84769386586805,8.19654803242014
2016-05-01,97.84722222222223,0.20833333333333334,21.541527777430556,37.15497685194444,20.483177083541666,36.89848958375,22.703680555555554,35.48425347243055,20.410543981666667,35.96325925909722,19.646134259583334,47.41003472215278,8.500169753048612,20.114236111145836,19.324768518472222,29.676005787013892,22.390212962847222,39.515591435069446,19.423240740694446,38.854317129444446,7.964583333333334,765.2815972222222,69.24652777777777,3.4409722222222223,40.333333333333336,1.877432638888889,23.69862753238889,23.69862753238889,37.619616030112844,20.74041073497396,44.6803819444618,8.232376543190973
2016-05-02,85.625,2.7777777777777777,22.093142360972223,36.74221064777778,21.553489583194445,35.62622685173611,22.654091435138888,35.802777777430556,21.805034722152776,35.48042245375,19.962800925833335,52.678587962708335,11.686689814951388,16.597876157305553,20.038816633611113,31.66367369347222,22.88363425923611,40.90198495388889,19.724410218124998,38.54098462284722,10.199305555555556,763.1312499999999,67.14236111111111,2.2222222222222223,36.041666666666664,3.4225881944444447,23.336456961354166,23.336456961354166,38.42960862045139,21.339427517282985,41.87011863420833,10.942997685253472
2016-05-03,69.72222222222223,0.625,22.534652777847224,37.75946180548611,22.123032407569447,36.31111689805556,23.14512152777778,37.206313657430556,22.553969907430556,36.67395254618056,20.683761574166667,47.18975115763889,10.82440393526389,20.435138888763888,21.298476438680556,34.75422023826389,23.114218750000003,41.08863425923611,20.198803571319445,39.75632762888889,10.581388888888888,763.1427083333333,67.93402777777777,3.8402777777777777,36.208333333333336,4.100694444444445,25.010195705395834,25.010195705395834,38.84247227389757,21.95650461934896,44.18458333327083,10.70289641207639
2016-05-04,78.95833333333333,1.1111111111111112,22.80525462958333,34.76091435208333,22.206765046527778,33.25345486118056,23.125295138888887,35.343541666875,22.735798611180556,33.32669560173611,20.795636574166664,45.66879629618055,10.699444444486112,15.394380786965277,21.79232738125,32.104300099375,23.702958498819445,38.64738144840278,20.442533234166667,37.194952050069446,9.895694444444445,765.9076388888889,62.02430555555556,2.1840277777777777,38.541666666666664,1.8847013888888888,24.843612662972223,24.843612662972223,36.28750454698785,22.200821139322915,38.70934317126042,10.297569444465278
2016-05-05,84.02777777777777,0.7638888888888888,23.166539351805554,33.06256365743056,22.875318287013886,31.07253472229167,23.440567129652777,34.81634837951389,22.720034722430555,31.97683449083333,21.181041666527776,45.614774305902785,13.454241897881944,9.855758101784723,22.32428149777778,30.95896891534722,23.419960979097223,37.90156258277778,20.73410846576389,37.15545626645834,12.803125000000001,761.1694444444444,52.43055555555556,3.2916666666666665,39.5,2.20520625,24.74924943220139,24.74924943220139,35.31988041506944,22.48273151250868,31.14315682867014,13.128683448940972
2016-05-06,100.76388888888889,1.1111111111111112,23.712876157361112,36.64422453708333,23.62944609791667,34.673707671875,24.057158564791667,36.634351851666665,23.457986111180556,35.35207754631945,20.273153935347224,47.34497685201389,16.7589717261875,14.230048280506944,22.925024305694443,34.83373156423611,23.48096593923611,40.975822255277784,21.370589864305558,40.01169047611111,15.879513888888889,754.2625,59.645833333333336,3.0590277777777777,39.25,7.3218749999999995,23.108480755305557,23.108480755305557,38.30882284432292,22.863400121979165,36.93794080692014,16.319242807538195
2016-05-07,97.15277777777777,0.4166666666666667,24.541990740625,36.54196759256944,24.74917013888889,34.303938905763886,24.985810184930557,37.15784143513889,23.98781250006944,36.34309143520833,21.77413773159722,52.65725694479167,19.217701967569447,8.981518766506944,23.195201554305555,33.975961061597225,24.32415343923611,40.72740112430555,22.113627976180553,40.86150901125,18.520833333333332,751.9527777777778,50.46875,2.7152777777777777,40.0,7.030555555555555,22.80613135263889,22.80613135263889,39.07112093882812,23.708988033229165,29.72513438325347,18.86926765045139
2016-05-08,68.54166666666667,0.20833333333333334,24.709890046250003,38.87455439791667,25.23181712951389,35.361857639027775,26.022573412777778,38.122327463541666,24.66126736097222,37.14528356472223,23.19495949104167,45.376545139166666,20.788413690694444,10.01741790667361,23.948113425902775,37.24102529736111,24.61786359138889,40.785045635069444,22.91580224847222,41.99206605520833,19.375,751.4833333333333,55.958333333333336,2.7847222222222223,36.416666666666664,9.001041666666667,23.41859737172222,23.41859737172222,39.36233814900174,24.41278583828993,32.98787562000347,20.081706845347224
2016-05-09,85.06944444444444,6.597222222222222,24.87174768513889,40.146140046319445,25.098315972222224,37.14121527805556,26.346687334583336,38.02715558875,25.076909722222222,38.52532407395833,23.328136574097222,43.431423611180556,20.063463789652776,8.012170634999999,24.16888591263889,37.88469940479167,24.37753100201389,42.43484325409722,23.482036375625,42.53444204680555,18.522916666666667,752.4284722222222,57.84027777777778,2.642361111111111,39.083333333333336,9.679583333333333,24.352273590368057,24.352273590368057,40.01565541299479,24.593781322317707,32.92622420638889,19.293190228159723
2016-05-10,65.97222222222223,0.3472222222222222,25.029531250069443,46.64502893527778,24.10448379611111,46.309360945763885,26.517484953819444,41.955936756111115,25.342304563472222,44.70462872020833,23.93752893479167,55.55976273152778,18.05548263923611,36.68422354517361,24.489452380972224,43.37722247027778,25.498438987986113,50.195005208333335,23.96882266861111,47.839735945624994,16.720138888888886,750.6888888888889,85.45486111111111,2.982638888888889,34.875,14.17013888888889,25.325484154312498,25.325484154312498,47.07333521414063,24.861005941979165,61.06954232814236,17.3878107640625
2016-05-11,74.09722222222223,0.20833333333333334,25.04480324076389,48.40441550930555,24.83750840486111,46.58364236104167,26.1763882275,44.60685044652777,25.489117724930555,45.40596230159722,23.991736111041668,56.56381365729167,18.33159499027778,36.595825314069444,24.783771329375,43.545357886944444,26.043055555555554,50.45237268534723,23.96214236111111,47.93629489090278,17.577083333333334,747.6111111111111,78.13194444444444,2.5,36.208333333333336,13.285416666666666,23.92137858059028,23.92137858059028,47.93733871736979,25.04106536939236,57.36388487925694,17.954339161805553
2016-05-12,72.22222222222223,0.5555555555555556,25.161747685277778,47.940989583055554,24.441862103194445,47.00745610131944,26.266901620416668,44.35900669645834,25.364564483958333,44.647688244166666,23.99668981479167,52.58017939840278,17.706480985347223,33.102641121201394,24.890275876319446,42.46605249666666,25.975044642847223,49.700116815277774,24.060579861041667,47.35932043659722,16.529166666666665,744.5972222222222,78.37152777777777,1.9236111111111112,34.270833333333336,12.347222222222221,25.956511284027776,25.956511284027776,47.007601221493054,25.019708260980902,55.73708444948958,17.117823826006944
2016-05-13,168.61111111111111,3.263888888888889,25.418640046388887,45.02098958361111,25.29490972215278,42.508071594027776,27.34845618402778,40.509169146874996,25.369002314722223,43.28528786381944,24.251053240625,51.23909722229167,17.194004629722222,26.550630786951388,25.10245370361111,39.88948495388889,25.822437169444445,46.58980208305556,24.16942013902778,44.85855406770833,16.775694444444444,747.8517361111111,73.39583333333333,4.604166666666667,34.25,11.339583333333334,24.771741390666666,24.771741390666666,44.23755706440972,25.347046565,49.97323206014236,16.984849537083335
2016-05-14,99.58333333333333,0.4861111111111111,24.739108796041666,35.828605324027784,23.044139219374998,35.64710970555555,24.37869411361111,33.08753422583333,24.709942625625,34.413571759375,23.905516451666667,44.99383630965278,10.391875000104166,9.949826388895834,24.520104166805552,30.870086805416665,25.845420221527778,37.284786871875,23.451552992777778,36.93037218909722,9.618402777777778,756.723611111111,63.767361111111114,5.413194444444445,33.770833333333336,2.7593750000000004,27.11053706965972,27.11053706965972,36.13198789885417,24.32430982342882,36.85859375000347,10.005138888940971
2016-05-15,104.02777777777777,3.75,23.501967592708336,36.16316550930556,21.796031250069447,36.48251959326389,24.420381117708335,35.93670767215278,23.800509259166667,34.21263888888889,23.247788029097222,40.33207754638889,9.091996527597223,21.754953703506946,23.70249999972222,29.880237268333335,25.151976438402777,36.40429117041666,22.92939765208333,36.25923148159722,8.555555555555555,761.2565972222222,72.69097222222223,3.107638888888889,39.43402777777778,3.4593749999999996,25.02727599495139,25.02727599495139,35.7088586412934,23.568818917369793,47.222962962864585,8.823776041576389
2016-05-16,100.13888888888889,2.361111111111111,23.13511574076389,38.98609953673611,21.439169146736113,38.90765914361111,24.622078042430555,36.58999082326389,23.26877893527778,35.94664351881945,22.68059556881944,43.57089219604167,11.975549603173612,25.198092096777778,23.378101851736112,31.84128835951389,24.92098528451389,38.56920304194445,22.796571263125,39.68374942138889,10.288333333333334,760.859375,74.69444444444444,1.3333333333333333,35.02430555555556,5.344444444444445,24.284186845784724,24.284186845784724,38.01194075516493,23.280174479175347,49.946268270611114,11.131941468253473
2016-05-17,66.04166666666667,0.3472222222222222,23.375023148055554,40.22834490708333,23.303611441666664,37.86258176236111,24.394349950347223,37.65490997027778,23.43423032402778,38.20949652777778,20.39296924590278,48.18670709319444,14.616140128902778,17.76291881604167,23.25865724201389,36.48751810527778,23.61752860451389,40.64747114743056,22.704811507916666,40.37420742423612,12.499652777777778,758.3152777777777,76.28125,3.267361111111111,39.486111111111114,8.191388888888888,25.811331607256946,25.811331607256946,39.95640461720487,23.060147683055554,47.02208440802084,13.557896453340279
2016-05-18,82.22222222222223,2.2222222222222223,23.37984953701389,41.897031250208336,22.47310284388889,41.26379596590278,24.396951058124998,39.22590013229167,23.337537202430557,39.72199818111111,21.18961656763889,48.53504513875,14.18826785698611,25.035366154263887,23.02613227513889,39.277006944375,23.849190724097223,43.437724619791666,22.566602761180558,41.39514142430556,12.923819444444444,751.5559027777778,76.80208333333333,4.142361111111111,29.868055555555557,8.604166666666666,25.68269669720139,25.68269669720139,41.844205457092016,23.027372871189232,50.918724743798606,13.556043650715278
2016-05-19,70.0,0.20833333333333334,23.385486111180555,41.04928240729166,22.701904017777778,39.935127315,24.41478009263889,38.647829861180554,23.239074074166666,39.688460648125,21.578935019722223,51.73077653770834,13.507589120347223,25.98426736109028,23.218847552986112,37.65365517527778,23.71809507263889,41.59595858159722,22.548875496041667,42.038271164375004,12.265277777777778,753.2888888888889,74.98958333333333,2.1875,33.0,7.293055555555556,25.548555044194444,25.548555044194444,41.542420211319445,23.100749679644096,50.4869253472118,12.886433449062501
2016-05-20,64.72222222222223,5.555555555555555,23.134502315069444,44.19715277756944,22.086582423958333,44.012135995277774,24.545601851944447,40.545966435069445,23.399201388819442,42.492471064791665,22.234411044930553,54.02085581986111,15.152986111027777,30.30646990734722,22.90107837298611,39.51770585284723,23.202779100694446,46.34068022472222,22.580034722013888,44.26615162034722,13.781597222222222,757.984375,81.96180555555556,3.857638888888889,36.22569444444444,10.54861111111111,25.266749609423613,25.266749609423613,44.42413997381076,23.010523902552084,56.13413773145139,14.467291666625
2016-05-21,161.66666666666666,1.5277777777777777,23.754151936111114,47.760659196041665,23.742576303958334,45.26370504534722,25.712292192777777,42.90711489895833,23.666814627152778,45.37231606604167,22.73443309423611,50.21652274819444,20.108490365416667,22.38204861117361,23.357911594513887,42.40711113569444,23.700776845833335,50.49945296729167,22.946949810694445,47.258895074305556,17.850694444444443,755.2083333333334,74.5,4.708333333333333,35.31597222222222,12.854166666666666,25.865293677673613,25.865293677673613,46.460722141484375,23.70198830065972,48.44102430558681,18.979592404930557
2016-05-22,110.13888888888889,0.2777777777777778,24.64640940652778,51.64395885944444,23.67240302798611,51.016054543125,26.776521464444446,45.55748579534722,23.967856338541665,48.673368457708335,22.85415850625,53.98174122354166,18.324108014375,39.69273148159722,23.663284117361112,45.81084703229166,25.211051857777775,52.682795875277776,23.220886498888888,50.05011749173611,15.51736111111111,750.379861111111,90.54513888888889,3.1180555555555554,35.94097222222222,13.90763888888889,24.952263817875,24.952263817875,49.927046159809024,24.251571402222222,65.11893518524306,16.920734562743053
2016-05-23,83.05555555555556,2.013888888888889,24.445046296458333,47.025306713194446,22.825978009305558,47.74966435215278,25.801574073888887,42.97743634243056,23.76595486125,45.31126157402778,23.249118716944444,54.26941476541666,13.586741898055557,32.323524305333336,23.542202380972224,40.136438078680555,24.79749999986111,47.72695023145834,23.096239583333332,46.39445241111111,12.571527777777778,755.8496527777778,84.22569444444444,4.208333333333333,46.017361111111114,9.853611111111112,24.611742610152778,24.611742610152778,46.44886555855903,23.940451740251735,58.2746093748889,13.079134837916666
2016-05-24,96.18055555555556,4.236111111111111,24.29934027798611,42.11253472229166,22.617991898125,42.677685185416664,25.368940972083333,39.967806713125,23.869067129444446,41.552216104375,23.257429894097225,51.600490161875,12.988408564819444,16.461976851715278,23.31826405416667,36.07596750965278,24.58404298930556,44.28387276791667,22.765057870625,42.04295486118056,11.574305555555556,759.0072916666667,76.68055555555556,4.114583333333333,33.97569444444444,7.469097222222222,25.494682579243054,25.494682579243054,42.53919100322916,23.760016885729165,46.57126620363542,12.2813570601875
2016-05-25,83.88888888888889,2.5694444444444446,23.899352528125,38.92981504041667,22.89467314548611,38.182157662777776,25.03832874861111,38.13789523208333,23.874265722430557,38.58240452173611,20.46118559111111,47.15820787458333,13.72022256907639,17.02679237804861,23.009420695347224,34.84597091180555,24.126673340555556,41.49431390534723,22.147822748333333,39.68194031013889,11.563680555555557,756.8875,74.77430555555556,1.3506944444444444,30.739583333333332,6.819097222222222,27.630188480215278,27.630188480215278,39.62658818236111,23.181465315,45.900548966802084,12.641951562315972
2016-05-26,147.01388888888889,3.125,24.055271314444447,42.417511348819446,24.557538430277777,38.836517353402776,26.034081138819445,38.77532632854167,24.188176406875,40.72835820986111,21.812496347430553,53.46179297458333,18.072122143958335,17.392487824979167,23.65048634263889,38.914403336597225,23.913677023055556,44.66372271805555,22.439097222222223,43.40056320631945,14.925555555555556,756.6197916666666,74.33680555555556,1.8506944444444444,39.329861111090274,9.637569444444445,22.590179368854166,22.590179368854166,42.64977443452257,23.831353028220484,45.864646690267364,16.498838849756947
2016-05-27,136.3302752293578,0.6422018348623854,24.45633027522936,46.20800458697248,24.322729358073392,43.420283092935776,27.087698776788994,40.81168195715596,24.53143730880734,43.70775229357798,22.61493883788991,54.25965596366973,19.51928899091743,17.475519877688075,24.079589777339446,43.93667529486238,24.114301223119266,49.32716590174312,22.906276758348625,46.2323200087156,17.2,755.7848623853212,74.27522935779817,2.041284403669725,46.596330275229356,12.248623853211008,25.332457517816515,25.332457517816515,45.987942387454126,24.264162789449543,45.87537461774312,18.359644495458717
